{
  "summary": {
    "generatedon": "2025-05-28T11:48:35Z",
    "parser": "MultiReportParser (8x OpenCoverParser)",
    "assemblies": 1,
    "classes": 8,
    "files": 8,
    "coveredlines": 137,
    "uncoveredlines": 135,
    "coverablelines": 272,
    "totallines": 707,
    "linecoverage": 50.3,
    "coveredbranches": 0,
    "totalbranches": 0,
    "coveredmethods": 22,
    "totalmethods": 36,
    "methodcoverage": 61.1
 },
  "coverage": {
    "assemblies": [
      { "name": "Test", "classes": 8, "coverage": 50.3, "coveredlines": 137, "coverablelines": 272, "totallines": 707, "branchcoverage": null, "coveredbranches": 0, "totalbranches": 0, "methodcoverage": 61.1, "coveredmethods": 22, "totalmethods": 36, "classesinassembly": [
        { "name": "AudioManager", "coverage": 77.7, "coveredlines": 21, "coverablelines": 27, "totallines": 51, "branchcoverage": null, "coveredbranches": 0, "totalbranches": 0, "methodcoverage": 100, "coveredmethods": 2, "totalmethods": 2 },
        { "name": "BulletTime", "coverage": 42.8, "coveredlines": 3, "coverablelines": 7, "totallines": 24, "branchcoverage": null, "coveredbranches": 0, "totalbranches": 0, "methodcoverage": 50, "coveredmethods": 1, "totalmethods": 2 },
        { "name": "EnemyAi", "coverage": 78, "coveredlines": 57, "coverablelines": 73, "totallines": 154, "branchcoverage": null, "coveredbranches": 0, "totalbranches": 0, "methodcoverage": 72.7, "coveredmethods": 8, "totalmethods": 11 },
        { "name": "Gun", "coverage": 21.8, "coveredlines": 14, "coverablelines": 64, "totallines": 245, "branchcoverage": null, "coveredbranches": 0, "totalbranches": 0, "methodcoverage": 30, "coveredmethods": 3, "totalmethods": 10 },
        { "name": "Round", "coverage": 51.2, "coveredlines": 20, "coverablelines": 39, "totallines": 83, "branchcoverage": null, "coveredbranches": 0, "totalbranches": 0, "methodcoverage": 100, "coveredmethods": 2, "totalmethods": 2 },
        { "name": "SpeedUpTime", "coverage": 50, "coveredlines": 3, "coverablelines": 6, "totallines": 22, "branchcoverage": null, "coveredbranches": 0, "totalbranches": 0, "methodcoverage": 50, "coveredmethods": 1, "totalmethods": 2 },
        { "name": "TimeManager", "coverage": 100, "coveredlines": 15, "coverablelines": 15, "totallines": 29, "branchcoverage": null, "coveredbranches": 0, "totalbranches": 0, "methodcoverage": 100, "coveredmethods": 4, "totalmethods": 4 },
        { "name": "XRTarget", "coverage": 9.7, "coveredlines": 4, "coverablelines": 41, "totallines": 99, "branchcoverage": null, "coveredbranches": 0, "totalbranches": 0, "methodcoverage": 33.3, "coveredmethods": 1, "totalmethods": 3 } ] } ]
  }
}